sample_id,curve_id,run_id,instrument_seq,sample_time_seconds,temperature_celsius,heat_flow_mw,mass_mg
S0001,FIX1,FIX1-R1,1,0,0,10.0000,100.0000
S0002,FIX1,FIX1-R1,2,1,1,10.1000,100.0000
S0003,FIX1,FIX1-R1,3,2,2,10.2000,100.0000
S0004,FIX1,FIX1-R1,4,3,3,10.3000,100.0000
S0005,FIX1,FIX1-R1,5,4,4,10.4000,100.0000
S0006,FIX1,FIX1-R1,6,5,5,10.5000,100.0000
S0007,FIX1,FIX1-R1,7,6,6,10.6000,100.0000
S0008,FIX1,FIX1-R1,8,7,7,10.7000,100.0000
S0009,FIX1,FIX1-R1,9,8,8,10.8000,100.0000
S0010,FIX1,FIX1-R1,10,9,9,10.9000,100.0000
S0011,FIX1,FIX1-R1,11,10,10,11.0000,100.0000
S0012,FIX1,FIX1-R1,12,11,11,11.1000,100.0000
S0013,FIX1,FIX1-R1,13,12,12,11.2000,100.0000
S0014,FIX1,FIX1-R1,14,13,13,11.3000,100.0000
S0015,FIX1,FIX1-R1,15,14,14,11.4000,100.0000
S0016,FIX1,FIX1-R1,16,15,15,11.5000,100.0000
S0017,FIX1,FIX1-R1,17,16,16,11.6000,100.0000
S0018,FIX1,FIX1-R1,18,17,17,11.7000,100.0000
S0019,FIX1,FIX1-R1,19,18,18,11.8000,100.0000
S0020,FIX1,FIX1-R1,20,19,19,11.9000,100.0000
S0021,FIX1,FIX1-R1,21,20,20,12.0000,100.0000
S0022,FIX1,FIX1-R1,22,20,20,12.0800,100.0000
S0023,FIX1,FIX1-R1,23,21,21,12.1000,100.0000
S0024,FIX1,FIX1-R1,24,22,22,12.2000,100.0000
S0025,FIX1,FIX1-R1,25,23,23,12.3000,100.0000
S0026,FIX1,FIX1-R1,26,24,24,12.4000,100.0000
S0027,FIX1,FIX1-R1,27,25,25,12.5000,100.0000
S0028,FIX1,FIX1-R1,28,26,26,12.6000,100.0000
S0029,FIX1,FIX1-R1,29,27,27,12.7000,100.0000
S0030,FIX1,FIX1-R1,30,28,28,12.8000,100.0000
S0031,FIX1,FIX1-R1,31,29,29,12.9000,100.0000
S0032,FIX1,FIX1-R1,32,30,30,13.0000,100.0000
S0033,FIX1,FIX1-R1,33,31,31,13.1000,100.0000
S0034,FIX1,FIX1-R1,34,32,32,13.2000,100.0000
S0035,FIX1,FIX1-R1,35,33,33,13.3000,100.0000
S0036,FIX1,FIX1-R1,36,34,34,13.4000,100.0000
S0037,FIX1,FIX1-R1,37,35,35,13.5000,100.0000
S0038,FIX1,FIX1-R1,38,36,36,13.6000,100.0000
S0039,FIX1,FIX1-R1,39,37,37,13.7000,100.0000
S0040,FIX1,FIX1-R1,40,38,38,13.8000,100.0000
S0041,FIX1,FIX1-R1,41,39,39,13.9000,100.0000
S0042,FIX1,FIX1-R1,42,40,40,14.0000,100.0000
S0043,FIX1,FIX1-R1,43,41,41,14.1000,100.0000
S0044,FIX1,FIX1-R1,44,42,42,14.2000,100.0000
S0045,FIX1,FIX1-R1,45,43,43,14.3000,100.0000
S0046,FIX1,FIX1-R1,46,44,44,14.4000,100.0000
S0047,FIX1,FIX1-R1,47,45,45,14.5000,100.0000
S0048,FIX1,FIX1-R1,48,46,46,14.6000,100.0000
S0049,FIX1,FIX1-R1,49,47,47,14.7000,100.0000
S0050,FIX1,FIX1-R1,50,48,48,14.8000,100.0000
S0051,FIX1,FIX1-R1,51,49,49,14.9000,100.0000
S0052,FIX1,FIX1-R1,52,50,50,15.0000,100.0000
S0053,FIX1,FIX1-R1,53,51,51,15.4000,99.6000
S0054,FIX1,FIX1-R1,54,52,52,15.8000,99.2000
S0055,FIX1,FIX1-R1,55,53,53,15.2000,98.8000
S0056,FIX1,FIX1-R1,56,54,54,14.6000,98.4000
S0057,FIX1,FIX1-R1,57,55,55,14.8500,98.0000
S0058,FIX1,FIX1-R1,58,56,56,15.1000,97.6000
S0059,FIX1,FIX1-R1,59,57,57,15.2500,97.2000
S0060,FIX1,FIX1-R1,60,58,58,15.4000,96.8000
S0061,FIX1,FIX1-R1,61,59,59,15.7000,96.4000
S0062,FIX1,FIX1-R1,62,60,60,16.0000,96.0000
S0063,FIX1,FIX1-R2,63,70,70,17.0000,95.5000
S0064,FIX1,FIX1-R2,64,72,72,18.0000,94.8000
S0065,FIX1,FIX1-R2,65,74,74,16.4000,94.1000
S0066,FIX1,FIX1-R2,66,76,76,16.9000,93.4000
S0067,FIX1,FIX1-R2,67,78,78,17.4000,92.7000
S0068,FIX1,FIX1-R2,68,80,80,18.0000,92.0000
S0069,FIX1,FIX1-R2,69,82,82,18.2000,92.0000
S0070,FIX1,FIX1-R2,70,84,84,18.4000,92.0000
S0071,FIX1,FIX1-R2,71,86,86,18.6000,92.0000
S0072,FIX1,FIX1-R2,72,88,88,18.8000,92.0000
S0073,FIX1,FIX1-R2,73,90,90,19.0000,92.0000
S0074,FIX1,FIX1-R3,74,90,90,19.0000,92.0000
S0075,FIX1,FIX1-R3,75,95,90,19.0000,92.0000
S0076,FIX1,FIX1-R3,76,100,90,19.0000,92.0000
S0077,FIX1,FIX1-R3,77,105,90,19.0000,92.0000
S0078,FIX1,FIX1-R3,78,110,90,19.0000,92.0000
S0079,FIX1,FIX1-R4,79,110,90,19.0000,92.0000
S0080,FIX1,FIX1-R4,80,114,84,18.4000,92.0000
S0081,FIX1,FIX1-R4,81,118,78,17.8000,92.0000
S0082,FIX1,FIX1-R4,82,122,72,17.2000,92.0000
S0083,FIX1,FIX1-R4,83,126,66,16.6000,92.0000
S0084,FIX1,FIX1-R4,84,130,60,16.0000,92.0000
S0085,FIX1,FIX1-R4,85,134,54,15.4000,92.0000
S0086,FIX1,FIX1-R4,86,138,48,14.8000,92.0000
S0087,FIX1,FIX1-R4,87,142,42,14.2000,92.0000
S0088,FIX1,FIX1-R4,88,146,36,13.6000,92.0000
S0089,FIX1,FIX1-R4,89,150,30,13.0000,92.0000
